{
  "minimum_depth_requirement": {
    "depth_cm": 22.3,
    "depth_x0": 25,
    "target_leakage_fraction": 0.01,
    "meets_requirement": true
  },
  "containment_performance": {
    "14.2": {
      "1": 0.969556,
      "5": 0.949706,
      "20": 0.919867
    },
    "22.3": {
      "1": 0.991632,
      "5": 0.99171,
      "20": 0.99022
    }
  },
  "energy_resolution": {
    "14.2": {
      "1": 0.026168,
      "5": 0.031937,
      "20": 0.043364
    },
    "22.3": {
      "1": 0.011732,
      "5": 0.011105,
      "20": 0.010262
    }
  },
  "shower_maximum_mm": {
    "14.2": {
      "1": -21.04,
      "5": -6.92,
      "20": 2.16
    },
    "22.3": {
      "1": -58.58,
      "5": -45.66,
      "20": -32.41
    }
  }
}